dataset,perturb,level,baseline,n_frames,detect_rate,reject_rate,n_points_ratio,max_az_gap_deg_p50,range_p95_m,top_flag
kitti_mini,random_dropout,1.0,self,20,0.0,0.0,1.0,0.0,32.0,-
kitti_mini,random_dropout,1.0,clean,20,0.0,0.0,1.0,0.0,32.0,-
kitti_mini,random_dropout,0.9,self,20,0.0,0.0,0.8996,0.0,32.06,-
kitti_mini,random_dropout,0.9,clean,20,0.1,0.0,0.8996,0.0,32.06,-
kitti_mini,random_dropout,0.8,self,20,0.0,0.0,0.8002,0.0,32.04,-
kitti_mini,random_dropout,0.8,clean,20,1.0,0.1,0.8002,0.0,32.04,POINT_DROP
kitti_mini,random_dropout,0.7,self,20,0.0,0.0,0.7005,0.0,32.35,-
kitti_mini,random_dropout,0.7,clean,20,1.0,0.15,0.7005,0.0,32.35,POINT_DROP
kitti_mini,random_dropout,0.5,self,20,0.0,0.0,0.5009,0.0,32.25,-
kitti_mini,random_dropout,0.5,clean,20,1.0,1.0,0.5009,52.5,32.25,SECTOR_GAP
kitti_mini,random_dropout,0.3,self,20,0.0,0.0,0.301,0.0,32.15,-
kitti_mini,random_dropout,0.3,clean,20,1.0,1.0,0.301,360.0,32.15,SECTOR_GAP
kitti_mini,sector_dropout,0.0,self,20,0.0,0.0,1.0,0.0,32.0,-
kitti_mini,sector_dropout,0.0,clean,20,0.0,0.0,1.0,0.0,32.0,-
kitti_mini,sector_dropout,10.0,self,20,0.0,0.0,0.9697,10.0,31.66,-
kitti_mini,sector_dropout,10.0,clean,20,0.0,0.0,0.9697,10.0,31.66,-
kitti_mini,sector_dropout,20.0,self,20,1.0,1.0,0.9383,20.0,32.3,SECTOR_GAP
kitti_mini,sector_dropout,20.0,clean,20,1.0,1.0,0.9383,20.0,32.3,SECTOR_GAP
kitti_mini,sector_dropout,30.0,self,20,1.0,1.0,0.9075,30.0,33.21,SECTOR_GAP
kitti_mini,sector_dropout,30.0,clean,20,1.0,1.0,0.9075,30.0,33.21,SECTOR_GAP
kitti_mini,sector_dropout,45.0,self,20,1.0,1.0,0.863,45.0,34.63,SECTOR_GAP
kitti_mini,sector_dropout,45.0,clean,20,1.0,1.0,0.863,45.0,34.63,SECTOR_GAP
kitti_mini,sector_dropout,90.0,self,20,1.0,1.0,0.7227,90.0,35.78,SECTOR_GAP
kitti_mini,sector_dropout,90.0,clean,20,1.0,1.0,0.7227,90.0,35.78,SECTOR_GAP
kitti_mini,sector_attenuation_40deg,1.0,self,20,0.0,0.0,1.0,0.0,32.0,-
kitti_mini,sector_attenuation_40deg,1.0,clean,20,0.0,0.0,1.0,0.0,32.0,-
kitti_mini,sector_attenuation_40deg,0.7,self,20,0.0,0.0,0.9629,0.0,32.79,-
kitti_mini,sector_attenuation_40deg,0.7,clean,20,0.0,0.0,0.9629,0.0,32.79,-
kitti_mini,sector_attenuation_40deg,0.5,self,20,0.0,0.0,0.9388,0.0,33.15,-
kitti_mini,sector_attenuation_40deg,0.5,clean,20,0.45,0.45,0.9388,15.0,33.15,-
kitti_mini,sector_attenuation_40deg,0.3,self,20,0.0,0.0,0.9145,0.0,33.37,-
kitti_mini,sector_attenuation_40deg,0.3,clean,20,1.0,1.0,0.9145,40.0,33.37,SECTOR_GAP
kitti_mini,sector_attenuation_40deg,0.1,self,20,0.0,0.0,0.8897,0.0,33.9,-
kitti_mini,sector_attenuation_40deg,0.1,clean,20,1.0,1.0,0.8897,40.0,33.9,SECTOR_GAP
kitti_mini,range_dropout,1000.0,self,20,0.0,0.0,1.0,0.0,32.0,-
kitti_mini,range_dropout,1000.0,clean,20,0.0,0.0,1.0,0.0,32.0,-
kitti_mini,range_dropout,70.0,self,20,0.0,0.0,0.9981,0.0,30.68,-
kitti_mini,range_dropout,70.0,clean,20,0.0,0.0,0.9981,0.0,30.68,-
kitti_mini,range_dropout,50.0,self,20,0.0,0.0,0.9857,0.0,27.57,-
kitti_mini,range_dropout,50.0,clean,20,0.0,0.0,0.9857,0.0,27.57,-
kitti_mini,range_dropout,30.0,self,20,0.0,0.0,0.9225,0.0,22.87,-
kitti_mini,range_dropout,30.0,clean,20,0.15,0.0,0.9225,0.0,22.87,-
kitti_mini,range_dropout,20.0,self,20,0.05,0.0,0.8342,0.0,17.19,-
kitti_mini,range_dropout,20.0,clean,20,1.0,0.0,0.8342,5.0,17.19,POINT_DROP
nuscenes_mini_subset,random_dropout,1.0,self,80,0.0,0.0,1.0,5.0,36.66,-
nuscenes_mini_subset,random_dropout,1.0,clean,80,0.0,0.0,1.0,5.0,36.66,-
nuscenes_mini_subset,random_dropout,0.9,self,80,0.0,0.0,0.9003,5.0,36.61,-
nuscenes_mini_subset,random_dropout,0.9,clean,80,0.025,0.025,0.9003,5.0,36.61,-
nuscenes_mini_subset,random_dropout,0.8,self,80,0.0,0.0,0.7999,5.0,36.52,-
nuscenes_mini_subset,random_dropout,0.8,clean,80,1.0,0.075,0.7999,5.0,36.52,POINT_DROP
nuscenes_mini_subset,random_dropout,0.7,self,80,0.0,0.0,0.7,5.0,36.48,-
nuscenes_mini_subset,random_dropout,0.7,clean,80,1.0,0.1125,0.7,5.0,36.48,POINT_DROP
nuscenes_mini_subset,random_dropout,0.5,self,80,0.0,0.0,0.499,5.0,36.28,-
nuscenes_mini_subset,random_dropout,0.5,clean,80,1.0,0.9875,0.499,50.0,36.28,SECTOR_GAP
nuscenes_mini_subset,random_dropout,0.3,self,80,0.0,0.0,0.2999,5.0,36.65,-
nuscenes_mini_subset,random_dropout,0.3,clean,80,1.0,1.0,0.2999,355.0,36.65,SECTOR_GAP
nuscenes_mini_subset,sector_dropout,0.0,self,80,0.0,0.0,1.0,5.0,36.66,-
nuscenes_mini_subset,sector_dropout,0.0,clean,80,0.0,0.0,1.0,5.0,36.66,-
nuscenes_mini_subset,sector_dropout,10.0,self,80,0.0125,0.0125,0.9739,10.0,36.7,-
nuscenes_mini_subset,sector_dropout,10.0,clean,80,0.0125,0.0125,0.9739,10.0,36.7,-
nuscenes_mini_subset,sector_dropout,20.0,self,80,1.0,1.0,0.9498,20.0,36.53,SECTOR_GAP
nuscenes_mini_subset,sector_dropout,20.0,clean,80,1.0,1.0,0.9498,20.0,36.53,SECTOR_GAP
nuscenes_mini_subset,sector_dropout,30.0,self,80,1.0,1.0,0.9275,30.0,36.44,SECTOR_GAP
nuscenes_mini_subset,sector_dropout,30.0,clean,80,1.0,1.0,0.9275,30.0,36.44,SECTOR_GAP
nuscenes_mini_subset,sector_dropout,45.0,self,80,1.0,1.0,0.8918,45.0,36.05,SECTOR_GAP
nuscenes_mini_subset,sector_dropout,45.0,clean,80,1.0,1.0,0.8918,45.0,36.05,SECTOR_GAP
nuscenes_mini_subset,sector_dropout,90.0,self,80,1.0,1.0,0.8021,90.0,33.24,SECTOR_GAP
nuscenes_mini_subset,sector_dropout,90.0,clean,80,1.0,1.0,0.8021,90.0,33.24,SECTOR_GAP
nuscenes_mini_subset,sector_attenuation_40deg,1.0,self,80,0.0,0.0,1.0,5.0,36.66,-
nuscenes_mini_subset,sector_attenuation_40deg,1.0,clean,80,0.0,0.0,1.0,5.0,36.66,-
nuscenes_mini_subset,sector_attenuation_40deg,0.7,self,80,0.0,0.0,0.9716,5.0,36.77,-
nuscenes_mini_subset,sector_attenuation_40deg,0.7,clean,80,0.0125,0.0125,0.9716,5.0,36.77,-
nuscenes_mini_subset,sector_attenuation_40deg,0.5,self,80,0.0,0.0,0.9525,5.0,36.89,-
nuscenes_mini_subset,sector_attenuation_40deg,0.5,clean,80,0.425,0.425,0.9525,12.5,36.89,-
nuscenes_mini_subset,sector_attenuation_40deg,0.3,self,80,0.0,0.0,0.933,5.0,36.84,-
nuscenes_mini_subset,sector_attenuation_40deg,0.3,clean,80,1.0,1.0,0.933,40.0,36.84,SECTOR_GAP
nuscenes_mini_subset,sector_attenuation_40deg,0.1,self,80,0.0,0.0,0.9135,5.0,36.59,-
nuscenes_mini_subset,sector_attenuation_40deg,0.1,clean,80,1.0,1.0,0.9135,40.0,36.59,SECTOR_GAP
nuscenes_mini_subset,range_dropout,1000.0,self,80,0.0,0.0,1.0,5.0,36.66,-
nuscenes_mini_subset,range_dropout,1000.0,clean,80,0.0,0.0,1.0,5.0,36.66,-
nuscenes_mini_subset,range_dropout,70.0,self,80,0.0,0.0,0.9963,5.0,35.58,-
nuscenes_mini_subset,range_dropout,70.0,clean,80,0.0,0.0,0.9963,5.0,35.58,-
nuscenes_mini_subset,range_dropout,50.0,self,80,0.0,0.0,0.9833,5.0,31.22,-
nuscenes_mini_subset,range_dropout,50.0,clean,80,0.0125,0.0125,0.9833,5.0,31.22,-
nuscenes_mini_subset,range_dropout,30.0,self,80,0.025,0.025,0.9158,5.0,22.79,-
nuscenes_mini_subset,range_dropout,30.0,clean,80,0.3125,0.025,0.9158,5.0,22.79,-
nuscenes_mini_subset,range_dropout,20.0,self,80,0.025,0.025,0.8391,5.0,16.02,-
nuscenes_mini_subset,range_dropout,20.0,clean,80,1.0,0.025,0.8391,5.0,16.02,POINT_DROP
