dataset,rank_in_dataset,frame_id,frame_score,status,flags,n_objects,n_vru,n_sparse_objects,median_pts_per_object,max_az_gap_deg,az_gap_center_deg
kitti,1,000049,25.0,OK,,18,2,2,169.0,0,
kitti,2,000011,14.0,OK,,6,4,0,116.0,0,
kitti,3,000015,13.0,OK,,5,4,0,70.0,0,
kitti,4,000043,12.0,OK,,4,4,0,123.0,0,
kitti,5,000048,12.0,OK,,4,4,0,114.5,0,
kitti,6,000010,11.0,OK,,9,1,0,55.0,0,
kitti,7,000021,10.0,OK,,8,1,0,207.0,0,
kitti,8,000032,10.0,OK,,10,0,0,282.0,0,
kitti,9,000025,8.0,OK,,6,1,0,188.5,0,
kitti,10,000007,7.5,OK,,4,1,1,22.0,0,
kitti,11,000016,7.5,OK,,6,0,1,37.5,0,
kitti,12,000061,7.5,OK,,6,0,1,115.5,0,
kitti,13,000001,6.5,OK,,3,1,1,18.0,0,
kitti,14,000008,6.0,OK,,6,0,0,854.5,0,
kitti,15,000009,6.0,OK,,3,0,2,4.0,0,
kitti,16,000031,6.0,OK,,6,0,0,422.5,0,
kitti,17,000023,5.0,OK,,3,1,0,20.0,0,
kitti,18,000019,4.0,OK,,4,0,0,671.0,0,
kitti,19,000004,2.0,OK,,2,0,0,51.5,0,
kitti,20,000012,2.0,OK,,2,0,0,26.0,0,
nusc,1,scene-0103_003,77.5,OK,,21,14,19,3.0,5,-87.5
nusc,2,scene-0103_004,77.5,OK,,23,13,19,2.0,5,-87.5
nusc,3,scene-0103_022,75.0,OK,,27,6,24,1.0,5,-87.5
nusc,4,scene-0103_002,74.5,OK,,20,13,19,2.5,5,-87.5
nusc,5,scene-0103_001,74.0,OK,,19,14,18,2.0,0,
nusc,6,scene-0103_021,73.0,OK,,28,6,22,1.0,5,-87.5
nusc,7,scene-0103_023,72.0,OK,,27,6,22,1.0,5,-92.5
nusc,8,scene-0103_025,70.5,OK,,27,6,21,1.0,5,-92.5
nusc,9,scene-0103_024,68.0,OK,,26,6,20,1.5,0,
nusc,10,scene-1094_003,66.5,OK,,21,13,13,6.0,0,
nusc,11,scene-0103_026,66.0,OK,,24,6,20,1.0,5,-92.5
nusc,12,scene-0103_020,65.5,OK,,26,4,21,1.0,0,
nusc,13,scene-0103_005,65.0,OK,,20,9,18,2.0,0,
nusc,14,scene-1094_004,65.0,OK,,20,12,14,4.5,0,
nusc,15,scene-1094_007,64.5,OK,,18,12,15,5.0,5,-87.5
nusc,16,scene-0103_027,63.5,OK,,23,6,19,1.0,5,-87.5
nusc,17,scene-1094_005,63.5,OK,,20,12,13,4.5,0,
nusc,18,scene-1094_009,63.5,OK,,18,13,13,5.5,5,-92.5
nusc,19,scene-1094_006,62.5,OK,,19,12,13,5.0,5,-92.5
nusc,20,scene-0103_028,62.0,OK,,23,6,18,2.0,5,-92.5
nusc,21,scene-0103_029,61.0,OK,,22,6,18,2.5,0,
nusc,22,scene-0103_000,59.0,OK,,14,12,14,3.0,5,-92.5
nusc,23,scene-1094_008,59.0,OK,,17,12,12,4.0,0,
nusc,24,scene-0103_019,58.0,OK,,24,2,20,1.0,0,
nusc,25,scene-1094_002,56.5,OK,,18,11,11,5.5,0,
nusc,26,scene-0103_018,55.5,OK,,23,2,19,1.0,5,-92.5
nusc,27,scene-0103_017,54.5,OK,,22,2,19,1.0,0,
nusc,28,scene-0103_030,52.5,OK,,20,5,15,1.5,5,-92.5
nusc,29,scene-1094_010,51.5,OK,,16,11,9,6.5,5,-92.5
nusc,30,scene-0103_015,50.5,OK,,18,5,15,1.5,5,-92.5
nusc,31,scene-0103_007,49.5,OK,,17,5,15,2.0,0,
nusc,32,scene-0103_008,49.5,OK,,17,5,15,2.0,5,-92.5
nusc,33,scene-1094_001,49.0,OK,,16,9,10,4.0,10,25.0
nusc,34,scene-0103_009,48.0,OK,,17,5,14,2.0,5,-92.5
nusc,35,scene-0103_006,47.5,OK,,16,6,13,2.5,15,-132.5
nusc,36,scene-1094_011,46.5,OK,,15,9,9,7.0,5,-92.5
nusc,37,scene-0103_014,46.0,OK,,17,4,14,1.0,0,
nusc,38,scene-1094_000,46.0,OK,,15,8,10,5.0,10,20.0
nusc,39,scene-0103_016,45.5,OK,,17,3,15,1.0,5,-87.5
nusc,40,scene-0103_031,42.5,OK,,18,4,11,6.0,5,-92.5
nusc,41,scene-0103_013,39.5,OK,,16,2,13,2.0,0,
nusc,42,scene-1094_012,39.0,OK,,15,6,8,8.0,5,-92.5
nusc,43,scene-0103_010,37.5,OK,,15,3,11,4.0,5,-87.5
nusc,44,scene-0103_032,37.0,OK,,17,4,8,10.0,5,-92.5
nusc,45,scene-0103_033,37.0,OK,,16,3,10,5.0,5,-92.5
nusc,46,scene-0103_011,35.0,OK,,14,3,10,1.5,5,-87.5
nusc,47,scene-0103_034,35.0,OK,,16,2,10,4.5,0,
nusc,48,scene-0103_012,34.5,OK,,14,2,11,1.5,5,-87.5
nusc,49,scene-0103_037,34.5,OK,,15,3,9,2.0,5,-92.5
nusc,50,scene-0103_035,33.5,OK,,16,2,9,2.0,5,-92.5
nusc,51,scene-0103_036,31.0,OK,,15,2,8,3.0,5,-92.5
nusc,52,scene-1094_022,29.5,OK,,9,5,7,1.0,5,-92.5
nusc,53,scene-1094_023,29.5,OK,,9,5,7,2.0,5,-87.5
nusc,54,scene-1094_025,29.5,OK,,9,5,7,1.0,0,
nusc,55,scene-1094_020,28.5,OK,,10,4,7,3.0,5,-92.5
nusc,56,scene-1094_027,28.0,OK,,9,5,6,5.0,0,
nusc,57,scene-1094_013,27.5,OK,,14,3,5,12.0,5,-92.5
nusc,58,scene-1094_021,27.0,OK,,10,4,6,3.5,0,
nusc,59,scene-1094_024,27.0,OK,,8,5,6,0.5,5,-92.5
nusc,60,scene-1094_026,26.5,OK,,8,4,7,5.0,5,-92.5
nusc,61,scene-1094_028,26.5,OK,,8,4,7,8.0,5,-87.5
nusc,62,scene-0103_038,24.0,OK,,13,1,6,11.0,5,-87.5
nusc,63,scene-1094_019,22.5,OK,,9,3,5,3.0,5,-92.5
nusc,64,scene-1094_037,21.5,OK,,6,4,5,4.0,5,-87.5
nusc,65,scene-1094_018,18.0,OK,,8,2,4,6.5,5,-92.5
nusc,66,scene-1094_014,17.5,OK,,11,1,3,14.0,10,-90.0
nusc,67,scene-1094_015,17.5,OK,,11,1,3,18.0,5,-92.5
nusc,68,scene-1094_016,15.5,OK,,9,1,3,20.0,5,-92.5
nusc,69,scene-1094_038,15.5,OK,,5,3,3,5.0,5,-87.5
nusc,70,scene-1094_017,14.5,OK,,8,1,3,19.0,5,-92.5
nusc,71,scene-1094_029,13.0,OK,,6,2,2,19.0,5,-92.5
nusc,72,scene-1094_039,13.0,OK,,4,3,2,8.5,5,-87.5
nusc,73,scene-0103_039,12.5,OK,,8,0,3,16.0,5,-92.5
nusc,74,scene-1094_030,11.0,OK,,4,2,2,20.0,5,-87.5
nusc,75,scene-1094_033,11.0,OK,,4,2,2,11.5,5,-92.5
nusc,76,scene-1094_034,10.0,OK,,3,2,2,7.0,5,-87.5
nusc,77,scene-1094_035,9.5,OK,,3,1,3,3.0,0,
nusc,78,scene-1094_031,8.0,OK,,3,1,2,9.0,5,-87.5
nusc,79,scene-1094_032,8.0,OK,,3,1,2,7.0,5,-92.5
nusc,80,scene-1094_036,8.0,OK,,3,1,2,4.0,5,-87.5
synthetic,1,000000,2.0,REVIEW,NAN_POINTS 0.10%,2,1,0,322.5,0,
synthetic,2,000001,2.0,REVIEW,NAN_POINTS 0.10%,2,1,0,149.5,0,
synthetic,3,000002,2.0,REVIEW,NAN_POINTS 0.10%,2,1,0,85.5,0,
synthetic,4,000004,2.0,REVIEW,NAN_POINTS 0.10%,2,1,0,34.0,0,
synthetic,5,000003,0.0,REJECT,SECTOR_GAP 35deg@-22; NAN_POINTS 0.10%; TIME_GAP 0.200s > 1.5x0.100s,2,1,0,47.0,35,-22.5
