frame_id,n_points,invalid_ratio,range_min,range_p50,range_p95,range_max,ratio_beyond_50m,z_min,z_max,intensity_mean,empty_azimuth_bins,intensity_p95,near_ratio,n_returns,az_coverage,max_az_gap_self_deg,az_density_cv,elev_rows,fov_ratio,img_brightness,n_objects,n_vru,n_sparse_objects,median_pts_per_object,sync_offset_ms,timestamp_s,time_gap_s,max_az_gap_deg,az_gap_center_deg,flags,status,frame_score
scene-0103_000,34752,0,3.8731e-05,4.2196,30.717,103.39,0.016517,-10.613,15.905,0.057583,0,0.17647,0.4017,20792,1,0,2.4497,102,0.085866,108.75,14,12,14,3,35.186,1.5332e+09,,5,-92.5,,OK,59
scene-0103_001,34688,0,3.8401e-05,4.2355,29.434,103.37,0.015221,-8.9534,15.368,0.055384,0,0.15686,0.39717,20911,1,0,2.4173,98,0.08784,109.24,19,14,18,2,35.621,1.5332e+09,0.50043,0,,,OK,74
scene-0103_002,34752,0,1.6154e-05,4.3249,29.771,104.31,0.012863,-8.8443,14.984,0.051615,0,0.1451,0.38806,21266,1,0,2.3469,101,0.088743,105.41,20,13,19,2.5,35.489,1.5332e+09,0.49987,5,-87.5,,OK,74.5
scene-0103_003,34720,0,2.0329e-05,4.656,29.935,104.54,0.010426,-8.4326,14.71,0.052018,0,0.1451,0.36354,22098,1,0,2.1338,101,0.089286,106.2,21,14,19,3,35.365,1.5332e+09,0.49988,5,-87.5,,OK,77.5
scene-0103_004,34784,0,3.5669e-05,4.9381,27.748,104.8,0.0081934,-8.568,13.99,0.054567,0,0.17255,0.35482,22442,1,0,2.0683,100,0.088029,105.92,23,13,19,2,35.788,1.5332e+09,0.50042,5,-87.5,,OK,77.5
scene-0103_005,34720,0,0.00079617,4.9199,26.089,101.44,0.00625,-8.9018,14.786,0.055873,0,0.19216,0.34358,22791,1,0,1.7101,110,0.088796,108.34,20,9,18,2,36.226,1.5332e+09,0.50044,0,,,OK,65
scene-0103_006,34688,0,4.7393e-05,5.0902,26.946,104.24,0.0065152,-9.9013,15.099,0.056187,0,0.18824,0.31798,23658,0.95833,15,1.7762,102,0.091674,106.87,16,6,13,2.5,36.662,1.5332e+09,0.50044,15,-132.5,,OK,47.5
scene-0103_007,34688,0,4.9758e-05,5.6251,27.469,94.195,0.0065152,-7.925,13.284,0.055711,0,0.17647,0.28093,24943,1,0,1.4414,107,0.090608,107.67,17,5,15,2,36.529,1.5332e+09,0.49987,0,,,OK,49.5
scene-0103_008,34720,0,2.5183e-06,5.7207,29.349,88.673,0.01538,-5.5674,15.277,0.055289,0,0.18039,0.26305,25587,1,0,1.2713,109,0.085484,109.41,17,5,15,2,36.42,1.5332e+09,0.49989,5,-92.5,,OK,49.5
scene-0103_009,34720,0,3.0006e-05,6.3525,31.596,100.33,0.018088,-4.6881,14.556,0.05542,0,0.17647,0.24372,26258,1,0,1.1395,103,0.087673,102.72,17,5,14,2,35.747,1.5332e+09,0.49933,5,-92.5,,OK,48
scene-0103_010,34720,0,0.00042764,6.6253,31.33,94.213,0.011982,-10.308,13.999,0.058348,0,0.18824,0.23543,26546,1,0,1.059,113,0.089862,105.16,15,3,11,4,35.616,1.5332e+09,0.49987,5,-87.5,,OK,37.5
scene-0103_011,34688,0,0.0073177,6.8572,30.581,88.281,0.0076684,-17.103,13.513,0.062349,0,0.20392,0.2278,26786,1,0,0.98316,102,0.089282,106.34,14,3,10,1.5,35.486,1.5332e+09,0.49987,5,-87.5,,OK,35
scene-0103_012,34688,0,5.0088e-05,6.9009,29.252,86.065,0.0072648,-15.648,13.176,0.064553,0,0.21569,0.22045,27041,1,0,0.90685,101,0.087148,107.73,14,2,11,1.5,35.362,1.5332e+09,0.49988,5,-87.5,,OK,34.5
scene-0103_013,34688,0,1.2652e-05,6.9591,29.088,90.898,0.007726,-14.677,12.909,0.064244,0,0.21961,0.21639,27182,1,0,0.65019,96,0.087177,107.93,16,2,13,2,34.621,1.5332e+09,0.39926,0,,,OK,39.5
scene-0103_014,34720,0,0.00071498,7.1482,28.966,104.74,0.0077477,-13.733,12.755,0.062985,0,0.20392,0.21547,27239,1,0,0.82606,89,0.08678,108,17,4,14,1,34.495,1.5332e+09,0.49987,0,,,OK,46
scene-0103_015,34688,0,0.0023034,7.3191,29.358,104.14,0.0080143,-13.117,12.651,0.062485,0,0.20784,0.21567,27207,1,0,0.61053,89,0.084611,107.72,18,5,15,1.5,34.381,1.5332e+09,0.49989,5,-92.5,,OK,50.5
scene-0103_016,34720,0,7.5072e-05,7.37,30.167,80.048,0.0085829,-12.661,12.522,0.062841,0,0.20784,0.21354,27306,1,0,0.82312,83,0.084994,107.54,17,3,15,1,34.232,1.5332e+09,0.49985,5,-87.5,,OK,45.5
scene-0103_017,34720,0,2.0921e-05,7.337,30.652,86.472,0.0094182,-12.293,12.622,0.062519,0,0.20784,0.21469,27266,1,0,0.82421,81,0.084677,107.2,22,2,19,1,34.33,1.5332e+09,0.4501,0,,,OK,54.5
scene-0103_018,34784,0,0.00089697,7.2687,31.112,87.232,0.0098321,-11.896,12.636,0.062276,0,0.20784,0.21421,27333,1,0,0.67024,78,0.084464,107.6,23,2,19,1,34.775,1.5332e+09,0.50044,5,-92.5,,OK,55.5
scene-0103_019,34784,0,5.9774e-05,7.2468,31.934,85.297,0.010637,-11.473,13.763,0.061981,0,0.20784,0.21199,27410,1,0,0.79261,81,0.085039,108.07,24,2,20,1,35.184,1.5332e+09,0.50041,0,,,OK,58
scene-0103_020,34752,0,0.0015328,7.1224,32.789,91.852,0.012863,-11.007,13.694,0.061934,0,0.20784,0.21164,27397,1,0,0.7213,82,0.086038,107.62,26,4,21,1,35.616,1.5332e+09,0.50043,0,,,OK,65.5
scene-0103_021,34752,0,4.4094e-05,7.0066,33.968,104.25,0.016891,-10.411,13.568,0.061788,0,0.20784,0.21374,27324,1,0,0.83578,80,0.086211,107.76,28,6,22,1,35.818,1.5332e+09,0.5502,5,-87.5,,OK,73
scene-0103_022,34752,0,6.2431e-05,6.8291,33.594,102.27,0.017812,-9.7955,13.464,0.061127,0,0.21569,0.21921,27134,1,0,0.87326,83,0.084686,107.55,27,6,24,1,37.76,1.5332e+09,0.50194,5,-87.5,,OK,75
scene-0103_023,34720,0,3.2218e-05,6.6946,32.994,101.04,0.018606,-10.654,13.44,0.061015,0,0.21569,0.22607,26871,1,0,0.80394,85,0.086175,107.4,27,6,22,1,36.132,1.5332e+09,0.49837,5,-92.5,,OK,72
scene-0103_024,34688,0,3.8113e-06,6.5847,32.359,100.76,0.020122,-3.8537,13.683,0.062179,0,0.22353,0.22806,26777,1,0,0.91692,88,0.085101,107.29,26,6,20,1.5,35.993,1.5332e+09,0.49986,0,,,OK,68
scene-0103_025,34688,0,3.26e-05,6.5328,31.659,97.141,0.02116,-4.5214,13.795,0.060533,0,0.21961,0.22936,26732,1,0,0.95782,95,0.084784,106.55,27,6,21,1,35.329,1.5332e+09,0.49934,5,-92.5,,OK,70.5
scene-0103_026,34688,0,4.5094e-05,6.2618,34.785,94.516,0.026292,-9.6137,14.179,0.06129,0,0.21569,0.22968,26721,1,0,0.95475,92,0.083083,106.38,24,6,20,1,35.202,1.5332e+09,0.49987,5,-92.5,,OK,66
scene-0103_027,34752,0,3.2814e-05,6.3672,36.184,92.174,0.029034,-10.667,14.811,0.05853,0,0.19608,0.23599,26551,1,0,1.026,98,0.081722,106.71,23,6,19,1,35.086,1.5332e+09,0.49988,5,-87.5,,OK,63.5
scene-0103_028,34720,0,0.0012474,6.6161,36.895,89.868,0.029666,-16.73,14.6,0.056614,0,0.18039,0.23459,26575,1,0,1.0171,94,0.080386,105.51,23,6,18,2,34.646,1.5332e+09,0.44956,5,-92.5,,OK,62
scene-0103_029,34720,0,1.6978e-05,6.936,37.835,99.951,0.030645,-15.275,14.379,0.055553,0,0.16863,0.23321,26623,1,0,0.90188,93,0.080213,105.46,22,6,18,2.5,34.833,1.5332e+09,0.55019,0,,,OK,61
scene-0103_030,34688,0,2.5883e-05,7.1585,38.009,104.38,0.028771,-10.915,14.296,0.054591,0,0.16078,0.22867,26756,1,0,0.97848,94,0.081469,105.22,20,5,15,1.5,34.73,1.5332e+09,0.4999,5,-92.5,,OK,52.5
scene-0103_031,34688,0,5.7254e-05,7.203,38.091,104.79,0.028108,-8.1404,13.838,0.05364,0,0.14902,0.22823,26771,1,0,0.97543,96,0.081296,105.69,18,4,11,6,34.589,1.5332e+09,0.49986,5,-92.5,,OK,42.5
scene-0103_032,34752,0,0.00028591,7.1834,36.969,104.25,0.026531,-8.878,14.052,0.054697,0,0.16471,0.23409,26617,1,0,1.0232,94,0.081636,104.94,17,4,8,10,34.462,1.5332e+09,0.49987,5,-92.5,,OK,37
scene-0103_033,34784,0,0.0010164,6.8146,37.048,104.3,0.025098,-12.739,14.382,0.055908,0,0.18824,0.23318,26673,1,0,1.022,98,0.08202,104.26,16,3,10,5,34.855,1.5332e+09,0.50045,5,-92.5,,OK,37
scene-0103_034,34688,0,3.1473e-05,6.3743,35.765,99.869,0.019229,-10.722,14.565,0.058022,0,0.21569,0.2376,26446,1,0,0.74247,96,0.081988,104.62,16,2,10,4.5,35.341,1.5332e+09,0.50043,0,,,OK,35
scene-0103_035,34720,0,2.2044e-05,5.863,34.379,98.095,0.015956,-15.525,13.981,0.060187,0,0.23529,0.24741,26130,1,0,1.1508,101,0.080904,102.02,16,2,9,2,35.302,1.5332e+09,0.59996,5,-92.5,,OK,33.5
scene-0103_036,34752,0,6.0873e-05,5.7343,34.477,102.35,0.016949,-14.08,14.625,0.059291,0,0.23529,0.24623,26195,1,0,1.1312,104,0.080427,102.07,15,2,8,3,35.645,1.5332e+09,0.40034,5,-92.5,,OK,31
scene-0103_037,34720,0,1.562e-05,5.9824,30.147,100.51,0.017944,-12.238,15.626,0.060573,0,0.2549,0.24896,26076,1,0,1.1637,104,0.07837,102.11,15,3,9,2,35.524,1.5332e+09,0.49988,5,-92.5,,OK,34.5
scene-0103_038,34752,0,4.7357e-05,5.7465,26.811,102.46,0.017352,-10.389,16.213,0.063711,0,0.30588,0.24836,26121,1,0,1.1582,109,0.078672,101.58,13,1,6,11,36.512,1.5332e+09,0.50099,5,-87.5,,OK,24
scene-0103_039,34720,0,2.3094e-05,5.517,25.997,97.688,0.015755,-8.5751,16.949,0.057036,0,0.24706,0.24856,26090,1,0,1.1597,106,0.077621,103.67,8,0,3,16,35.823,1.5332e+09,0.49931,5,-92.5,,OK,12.5
scene-1094_000,34400,0,3.0151e-05,5.4834,41.028,94.702,0.017064,-16.811,14.276,0.079369,0,0.29412,0.28741,24513,0.95833,10,1.2608,49,0.10317,97.621,15,8,10,5,35.659,1.5428e+09,,10,20,,OK,46
scene-1094_001,34688,0,2.5324e-05,5.6308,40.936,104.88,0.016519,-16.824,14.377,0.081709,0,0.30196,0.27156,25268,0.98611,5,1.028,49,0.10249,96.394,16,9,10,4,35.521,1.5428e+09,0.49986,10,25,,OK,49
scene-1094_002,34720,0,4.4476e-05,5.756,40.867,97.104,0.016878,-16.872,15.928,0.083596,0,0.30588,0.24182,26324,1,0,1.0863,51,0.10228,95.275,18,11,11,5.5,35.437,1.5428e+09,0.49992,0,,,OK,56.5
scene-1094_003,34688,0,7.6173e-05,6.0295,40.729,97.683,0.016634,-16.955,15.972,0.082111,0,0.29804,0.23031,26699,1,0,1.01,64,0.10323,98.154,21,13,13,6,34.719,1.5428e+09,0.49928,0,,,OK,66.5
scene-1094_004,34720,0,6.8069e-05,6.2768,40.551,105.06,0.014977,-17.13,15.85,0.080389,0,0.28627,0.22765,26816,1,0,1.0011,66,0.10374,95.138,20,12,14,4.5,34.599,1.5428e+09,0.49988,0,,,OK,65
scene-1094_005,34752,0,5.8229e-05,6.4274,39.866,103.04,0.01364,-17.389,15.821,0.079846,0,0.2902,0.2273,26853,1,0,1.0074,75,0.10209,93.458,20,12,13,4.5,35.025,1.5428e+09,0.50043,0,,,OK,63.5
scene-1094_006,34688,0,0.00021269,6.8581,39.516,104,0.014443,-12.473,13.858,0.07785,0,0.28627,0.22826,26770,1,0,0.91231,72,0.10384,98.417,19,12,13,5,34.918,1.5428e+09,0.49989,5,-92.5,,OK,62.5
scene-1094_007,34720,0,4.1478e-05,6.8065,38.782,104.27,0.016129,-11.922,12.35,0.075498,0,0.27059,0.22993,26737,1,0,1.0245,78,0.10593,97.441,18,12,15,5,37.683,1.5428e+09,0.50276,5,-87.5,,OK,64.5
scene-1094_008,34752,0,0.00015046,6.7672,38.318,104.72,0.015913,-11.336,13.418,0.073809,0,0.27059,0.23299,26655,1,0,1.0498,76,0.10491,97.123,17,12,12,4,35.245,1.5428e+09,0.49756,0,,,OK,59
scene-1094_009,34720,0,3.2796e-05,6.6677,37.78,105.03,0.014862,-6.5311,15.354,0.070294,0,0.25882,0.24021,26380,1,0,1.0937,78,0.10426,101.3,18,13,13,5.5,35.631,1.5428e+09,0.50039,5,-92.5,,OK,63.5
scene-1094_010,34688,0,4.9588e-05,6.5087,36.911,105.05,0.013924,-6.4065,15.604,0.068931,0,0.26667,0.24617,26149,1,0,0.78654,82,0.10355,102.72,16,11,9,6.5,35.018,1.5428e+09,0.49939,5,-92.5,,OK,51.5
scene-1094_011,34688,0,4.0342e-05,6.5012,36.68,102.94,0.013261,-24.804,15.328,0.067287,0,0.2549,0.24792,26088,1,0,1.1756,81,0.1026,99.367,15,9,9,7,34.853,1.5428e+09,0.49984,5,-92.5,,OK,46.5
scene-1094_012,34752,0,2.6108e-05,6.4285,36.847,104.16,0.01387,-6.6605,15.346,0.066141,0,0.2549,0.24859,26113,1,0,0.905,77,0.097376,98.646,15,6,8,8,35.276,1.5428e+09,0.50042,5,-92.5,,OK,39
scene-1094_013,34752,0,3.7913e-05,6.2968,36.644,102.11,0.012747,-13.262,15.721,0.065338,0,0.25098,0.25118,26023,1,0,0.93364,81,0.091419,83.549,14,3,5,12,35.257,1.5428e+09,0.49998,5,-92.5,,OK,27.5
scene-1094_014,34720,0,5.7903e-05,6.1969,36.109,104.2,0.013249,-14.693,16.719,0.066409,0,0.25882,0.24813,26105,1,0,0.91848,84,0.083497,76.319,11,1,3,14,35.573,1.5428e+09,0.50032,10,-90,,OK,17.5
scene-1094_015,34752,0,3.0482e-05,6.1365,36.527,102.24,0.014791,-20.364,16.153,0.06935,0,0.26667,0.2439,26276,1,0,1.1736,97,0.08129,62.524,11,1,3,18,35.995,1.5428e+09,0.50042,5,-92.5,,OK,17.5
scene-1094_016,34816,0,4.5674e-05,5.8997,35.938,99.636,0.014763,-17.504,13.794,0.072122,0,0.27451,0.24207,26388,1,0,1.1753,94,0.080136,52.016,9,1,3,20,37,1.5428e+09,0.50101,5,-92.5,,OK,15.5
scene-1094_017,34752,0,1.606e-05,5.5357,35.965,101.12,0.01574,-17.56,15.014,0.080095,0,0.29412,0.24364,26285,1,0,1.1823,100,0.080427,52.304,8,1,3,19,37.959,1.5428e+09,0.50096,5,-92.5,,OK,14.5
scene-1094_018,34688,0,0.00056217,5.39,36.134,95.179,0.015337,-17.608,15.219,0.087704,0,0.3098,0.23634,26490,1,0,1.1261,93,0.079739,52.955,8,2,4,6.5,37.842,1.5428e+09,0.49988,5,-92.5,,OK,18
scene-1094_019,34688,0,2.9274e-05,5.6,37.934,94.029,0.019027,-18.779,14.983,0.098532,0,0.35686,0.23812,26428,1,0,1.135,96,0.081556,54.892,9,3,5,3,37.727,1.5428e+09,0.49989,5,-92.5,,OK,22.5
scene-1094_020,34720,0,6.5557e-05,5.5605,37.609,101.89,0.020593,-5.5217,14.758,0.096133,0,0.32157,0.23963,26400,1,0,1.1445,99,0.080789,61.384,10,4,7,3,37.269,1.5428e+09,0.44954,5,-92.5,,OK,28.5
scene-1094_021,34688,0,1.7703e-05,5.7238,39.025,104.66,0.023697,-9.4663,15.217,0.094293,0,0.32157,0.24348,26242,1,0,1.1823,97,0.080258,59.596,10,4,6,3.5,36.582,1.5428e+09,0.49931,0,,,OK,27
scene-1094_022,34656,0,5.0821e-05,5.6603,39.045,104.55,0.024988,-9.3884,14.727,0.093037,0,0.31765,0.24795,26063,1,0,0.95578,102,0.082901,63.967,9,5,7,1,36.463,1.5428e+09,0.49988,5,-92.5,,OK,29.5
scene-1094_023,34688,0,4.9296e-05,5.315,38.212,103.73,0.028828,-10.575,17.116,0.091992,0,0.32157,0.24971,26026,1,0,1.2456,100,0.086168,61.479,9,5,7,2,39.535,1.5428e+09,0.55307,5,-87.5,,OK,29.5
scene-1094_024,34688,0,2.2341e-05,5.81,39.058,104.26,0.032547,-9.8882,19.242,0.0839,0,0.31373,0.23809,26429,1,0,1.1194,101,0.085995,62.723,8,5,6,0.5,34.889,1.5428e+09,0.49535,5,-92.5,,OK,27
scene-1094_025,34720,0,4.4062e-05,6.0996,41.452,105.07,0.032056,-11.153,18.8,0.079108,0,0.30196,0.23338,26617,1,0,1.0096,97,0.086204,58.94,9,5,7,1,34.766,1.5428e+09,0.49988,0,,,OK,29.5
scene-1094_026,34752,0,5.1383e-05,6.2972,42.639,101.1,0.031941,-14.306,18.186,0.080523,0,0.28235,0.23023,26751,1,0,1.0671,107,0.086441,57.024,8,4,7,5,34.626,1.5428e+09,0.49986,5,-92.5,,OK,26.5
scene-1094_027,34752,0,0.00079611,5.8602,44.554,104.12,0.036142,-6.9108,17.866,0.083631,0,0.28235,0.22327,26993,1,0,0.71842,107,0.086873,60.041,9,5,6,5,35.095,1.5428e+09,0.50047,0,,,OK,28
scene-1094_028,34752,0,3.0431e-05,5.6316,45.173,103.46,0.038185,-12.564,17.489,0.086714,0,0.2902,0.23173,26699,1,0,1.1012,102,0.085779,70.425,8,4,7,8,35.502,1.5428e+09,0.50041,5,-87.5,,OK,26.5
scene-1094_029,34720,0,4.3418e-05,5.5759,45.268,104.86,0.041446,-17.724,18.466,0.085603,0,0.28235,0.22776,26812,1,0,1.0359,98,0.087788,70.561,6,2,2,19,35.44,1.5428e+09,0.49994,5,-92.5,,OK,13
scene-1094_030,34720,0,3.4162e-05,6.0647,45.493,104.26,0.038911,-14.651,18.443,0.079801,0,0.26667,0.23148,26683,1,0,1.1131,99,0.089142,71.037,4,2,2,20,35.245,1.5428e+09,0.49981,5,-87.5,,OK,11
scene-1094_031,34752,0,2.9238e-05,6.3724,46.785,103.97,0.04207,-15.63,18.495,0.077733,0,0.27843,0.22925,26785,1,0,1.0945,103,0.088858,74.899,3,1,2,9,35.112,1.5428e+09,0.49987,5,-87.5,,OK,8
scene-1094_032,34784,0,4.9624e-05,6.6484,48.234,104.72,0.044704,-15.084,16.971,0.073968,0,0.27059,0.23134,26737,1,0,1.1011,102,0.086218,55.861,3,1,2,7,35.543,1.5428e+09,0.50043,5,-92.5,,OK,8
scene-1094_033,34720,0,0.00056698,6.7031,49.367,103.62,0.047177,-20.376,19.42,0.07424,0,0.29804,0.22851,26786,1,0,1.0789,102,0.086866,48.756,4,2,2,11.5,35.994,1.5428e+09,0.50045,5,-92.5,,OK,11
scene-1094_034,34720,0,5.4864e-05,6.4702,48.949,103.92,0.044067,-22.434,18.928,0.078656,0,0.30196,0.22791,26807,1,0,1.0941,107,0.082258,49.16,3,2,2,7,35.86,1.5428e+09,0.49987,5,-87.5,,OK,10
scene-1094_035,34720,0,3.5217e-05,5.9882,48.886,104.18,0.044528,-6.9595,18.457,0.087187,0,0.31765,0.22681,26845,1,0,1.0803,106,0.081221,54.833,3,1,3,3,35.423,1.5428e+09,0.49992,0,,,OK,9.5
scene-1094_036,34720,0,4.7058e-05,5.3497,44.733,100.4,0.043347,-13.205,18.079,0.090157,0,0.29412,0.23168,26676,1,0,1.145,104,0.079493,56.182,3,1,2,4,35.614,1.5428e+09,0.49984,5,-87.5,,OK,8
scene-1094_037,34752,0,3.6413e-05,5.7629,44.809,101.22,0.040084,-10.675,16.784,0.087149,0,0.27451,0.23253,26671,1,0,1.1478,103,0.078125,59.848,6,4,5,4,36.027,1.5428e+09,0.50042,5,-87.5,,OK,21.5
scene-1094_038,34688,0,2.889e-05,5.7848,42.681,99.994,0.040043,-28.127,16.879,0.0838,0,0.26667,0.23017,26704,1,0,1.1297,101,0.075646,61.249,5,3,3,5,35.901,1.5428e+09,0.49987,5,-87.5,,OK,15.5
scene-1094_039,34720,0,5.642e-05,6.005,42.001,105.29,0.038018,-2.9722,17.035,0.084478,0,0.28627,0.23453,26577,1,0,1.1689,103,0.076094,49.897,4,3,2,8.5,35.228,1.5428e+09,0.49933,5,-87.5,,OK,13
